{
    "correct_frac": 0.5283938172043011,
    "exact_match": 0.8763440860215054,
    "exact_match_frac": 0.5283938172043011,
    "majority_vote_acc": 0.6881720430107527,
    "none_answer_extracted_frac_per_problem": 0.011088709677419355,
    "once_hit": 0.8763440860215054,
    "unique_answer_count": 5.830645161290323
}