{
    "correct_frac": 0.577116935483871,
    "exact_match": 0.9005376344086021,
    "exact_match_frac": 0.577116935483871,
    "majority_vote_acc": 0.696236559139785,
    "none_answer_extracted_frac_per_problem": 0.0020161290322580645,
    "once_hit": 0.9005376344086021,
    "unique_answer_count": 4.771505376344086
}