{
    "correct_frac": 0.4522849462365591,
    "exact_match": 0.8521505376344086,
    "exact_match_frac": 0.4522849462365591,
    "majority_vote_acc": 0.6397849462365591,
    "none_answer_extracted_frac_per_problem": 0.0021841397849462364,
    "once_hit": 0.8521505376344086,
    "unique_answer_count": 7.053763440860215
}