{
    "correct_frac": 0.5018481182795699,
    "exact_match": 0.8655913978494624,
    "exact_match_frac": 0.5018481182795699,
    "majority_vote_acc": 0.6801075268817204,
    "none_answer_extracted_frac_per_problem": 0.010920698924731184,
    "once_hit": 0.8655913978494624,
    "unique_answer_count": 6.158602150537634
}