{
    "correct_frac": 0.4731182795698925,
    "exact_match": 0.8763440860215054,
    "exact_match_frac": 0.4731182795698925,
    "majority_vote_acc": 0.6559139784946236,
    "none_answer_extracted_frac_per_problem": 0.005208333333333333,
    "once_hit": 0.8763440860215054,
    "unique_answer_count": 6.782258064516129
}